<Ui xmlns='http://www.blizzard.com/wow/ui/'>
	<Script file='SharedMedia.lua'/>

	<!-- Dynamic Expressway Big -->
	<FontFamily name='ElvUIFontBig' virtual='true'>
		<Member alphabet='roman'>
			<Font font='Interface\AddOns\ElvUI\Core\Media\Fonts\Expressway.ttf' height='15'>
				<Shadow><Offset><AbsDimension x='1' y='-1'/></Offset><Color r='0' g='0' b='0'/></Shadow>
			</Font>
		</Member>
		<Member alphabet='russian'>
			<Font font='Interface\AddOns\ElvUI\Core\Media\Fonts\Expressway.ttf' height='15'>
				<Shadow><Offset><AbsDimension x='1' y='-1'/></Offset><Color r='0' g='0' b='0'/></Shadow>
			</Font>
		</Member>
		<Member alphabet='korean'>
			<Font font='Fonts\2002.TTF' height='15'>
				<Shadow><Offset><AbsDimension x='1' y='-1'/></Offset><Color r='0' g='0' b='0'/></Shadow>
			</Font>
		</Member>
		<Member alphabet='simplifiedchinese'>
			<Font font='Fonts\ARKai_T.ttf' height='15'>
				<Shadow><Offset><AbsDimension x='1' y='-1'/></Offset><Color r='0' g='0' b='0'/></Shadow>
			</Font>
		</Member>
		<Member alphabet='traditionalchinese'>
			<Font font='Fonts\blei00d.TTF' height='15'>
				<Shadow><Offset><AbsDimension x='1' y='-1'/></Offset><Color r='0' g='0' b='0'/></Shadow>
			</Font>
		</Member>
	</FontFamily>

	<!-- Dynamic Expressway Font -->
	<FontFamily name='ElvUIFontNormal' virtual='true'>
		<Member alphabet='roman'>
			<Font font='Interface\AddOns\ElvUI\Core\Media\Fonts\Expressway.ttf' height='13'>
				<Shadow><Offset><AbsDimension x='1' y='-1'/></Offset><Color r='0' g='0' b='0'/></Shadow>
			</Font>
		</Member>
		<Member alphabet='russian'>
			<Font font='Interface\AddOns\ElvUI\Core\Media\Fonts\Expressway.ttf' height='13'>
				<Shadow><Offset><AbsDimension x='1' y='-1'/></Offset><Color r='0' g='0' b='0'/></Shadow>
			</Font>
		</Member>
		<Member alphabet='korean'>
			<Font font='Fonts\2002.TTF' height='13'>
				<Shadow><Offset><AbsDimension x='1' y='-1'/></Offset><Color r='0' g='0' b='0'/></Shadow>
			</Font>
		</Member>
		<Member alphabet='simplifiedchinese'>
			<Font font='Fonts\ARKai_T.ttf' height='15'>
				<Shadow><Offset><AbsDimension x='1' y='-1'/></Offset><Color r='0' g='0' b='0'/></Shadow>
			</Font>
		</Member>
		<Member alphabet='traditionalchinese'>
			<Font font='Fonts\blei00d.TTF' height='15'>
				<Shadow><Offset><AbsDimension x='1' y='-1'/></Offset><Color r='0' g='0' b='0'/></Shadow>
			</Font>
		</Member>
	</FontFamily>

	<!-- Dynamic Expressway Small -->
	<FontFamily name='ElvUIFontSmall' virtual='true'>
		<Member alphabet='roman'>
			<Font font='Interface\AddOns\ElvUI\Core\Media\Fonts\Expressway.ttf' height='11'>
				<Shadow><Offset><AbsDimension x='1' y='-1'/></Offset><Color r='0' g='0' b='0'/></Shadow>
			</Font>
		</Member>
		<Member alphabet='russian'>
			<Font font='Interface\AddOns\ElvUI\Core\Media\Fonts\Expressway.ttf' height='11'>
				<Shadow><Offset><AbsDimension x='1' y='-1'/></Offset><Color r='0' g='0' b='0'/></Shadow>
			</Font>
		</Member>
		<Member alphabet='korean'>
			<Font font='Fonts\2002.TTF' height='11'>
				<Shadow><Offset><AbsDimension x='1' y='-1'/></Offset><Color r='0' g='0' b='0'/></Shadow>
			</Font>
		</Member>
		<Member alphabet='simplifiedchinese'>
			<Font font='Fonts\ARKai_T.ttf' height='13'>
				<Shadow><Offset><AbsDimension x='1' y='-1'/></Offset><Color r='0' g='0' b='0'/></Shadow>
			</Font>
		</Member>
		<Member alphabet='traditionalchinese'>
			<Font font='Fonts\blei00d.TTF' height='13'>
				<Shadow><Offset><AbsDimension x='1' y='-1'/></Offset><Color r='0' g='0' b='0'/></Shadow>
			</Font>
		</Member>
	</FontFamily>
</Ui>
