<Ui xmlns='http://www.blizzard.com/wow/ui/'>
	<Script file='AddonManager.lua'/>
	<Script file='AuctionHouse.lua'/>
	<Script file='Battlefield.lua'/>
	<Script file='Bags.lua'/>
	<Script file='Battlenet.lua'/>
	<Script file='BGMap.lua'/>
	<Script file='BGScore.lua'/>
	<Script file='BlizzardOptions.lua'/>
	<Script file='Channels.lua'/>
	<Script file='Character.lua'/>
	<Script file='Communities.lua'/>
	<Script file='Craft.lua'/>
	<Script file='Debug.lua'/>
	<Script file='DressingRoom.lua'/>
	<Script file='Engraving.lua'/>
	<Script file='EventTrace.lua'/>
	<Script file='Friends.lua'/>
	<Script file='GMChat.lua'/>
	<Script file='Gossip.lua'/>
	<Script file='GuildControl.lua'/>
	<Script file='GuildRegistrar.lua'/>
	<Script file='Help.lua'/>
	<Script file='Inspect.lua'/>
	<Script file='Loot.lua'/>
	<Script file='Macro.lua'/>
	<Script file='Mail.lua'/>
	<Script file='Menu.lua'/>
	<Script file='Merchant.lua'/>
	<Script file='MirrorTimers.lua'/>
	<Script file='Misc.lua'/>
	<Script file='Petition.lua'/>
	<Script file='Quest.lua'/>
	<Script file='QuestTimers.lua'/>
	<Script file='Raid.lua'/>
	<Script file='SettingsPanel.lua'/>
	<Script file='SpellBook.lua'/>
	<Script file='Stable.lua'/>
	<Script file='Tabard.lua'/>
	<Script file='Talent.lua'/>
	<Script file='Taxi.lua'/>
	<Script file='TimeManager.lua'/>
	<Script file='Tooltip.lua'/>
	<Script file='Trade.lua'/>
	<Script file='TradeSkill.lua'/>
	<Script file='Trainer.lua'/>
	<Script file='Tutorial.lua'/>
	<Script file='WorldMap.lua'/>
</Ui>
